{"cameraMode":{"drawMode":0,"name":"Shaded","section":"Shading Mode"},"sceneLighting":true,"audioPlay":false,"sceneViewState":{"showFog":true,"showMaterialUpdate":false,"showSkybox":true,"showFlares":true,"showImageEffects":true,"showParticleSystems":true,"showVisualEffectGraphs":true,"m_FxEnabled":true},"in2DMode":false,"pivot":{"x":0.5127390623092651,"y":4.6595683097839359,"z":2.7581920623779299},"rotation":{"x":-0.10455980151891709,"y":0.8863888382911682,"z":-0.24415110051631928,"w":-0.3793144226074219},"size":0.8660253882408142,"orthographic":false}